[
  {
    "id": "f5203d32-40a9-4d8d-991d-885fd86cffbb",
    "data": [
      {
        "text": "ok, I will certainly do it. Thanks",
        "userDefined": false
      }
    ],
    "isTemplate": false,
    "count": 0,
    "updated": 0
  },
  {
    "id": "2cabfa0d-beda-4249-a96a-af58c599c673",
    "data": [
      {
        "text": "Bye",
        "userDefined": false
      }
    ],
    "isTemplate": false,
    "count": 1,
    "updated": 0
  },
  {
    "id": "f28f5220-47d6-430a-8abe-7289dd25a3f6",
    "data": [
      {
        "text": "Certainly. It was nice talking to you",
        "userDefined": false
      }
    ],
    "isTemplate": false,
    "count": 0,
    "updated": 0
  },
  {
    "id": "8a2411a9-9e75-4972-9111-0dfbdf4cec83",
    "data": [
      {
        "text": "ok, thanks ",
        "userDefined": false
      }
    ],
    "isTemplate": false,
    "count": 0,
    "updated": 0
  },
  {
    "id": "212d7766-a5d7-4a73-b841-34a25bfe750f",
    "data": [
      {
        "text": "bye",
        "userDefined": false
      }
    ],
    "isTemplate": false,
    "count": 0,
    "updated": 0
  },
  {
    "id": "ba1f4335-bfa5-42b8-82c9-1d16d1b4b4b9",
    "data": [
      {
        "text": "ok, thanks. I feel better now",
        "userDefined": false
      }
    ],
    "isTemplate": false,
    "count": 0,
    "updated": 0
  },
  {
    "id": "e0597f86-fbe5-4a71-8717-a1a428d010f7",
    "data": [
      {
        "text": "It was nice talking to you",
        "userDefined": false
      }
    ],
    "isTemplate": false,
    "count": 0,
    "updated": 0
  },
  {
    "id": "2912856e-7ddd-44be-9993-947f163af5ba",
    "data": [
      {
        "text": "tata",
        "userDefined": false
      }
    ],
    "isTemplate": false,
    "count": 0,
    "updated": 0
  },
  {
    "id": "1d940b08-eb2e-4756-91e4-64f97b670785",
    "data": [
      {
        "text": "Thanks",
        "userDefined": false
      }
    ],
    "isTemplate": false,
    "count": 0,
    "updated": 0
  },
  {
    "id": "12533cad-2853-44cc-ad8f-8b98b59320b7",
    "data": [
      {
        "text": "Thank you",
        "userDefined": false
      }
    ],
    "isTemplate": false,
    "count": 0,
    "updated": 0
  },
  {
    "id": "f326093b-8702-47fa-9edc-2a2f45b0f3b2",
    "data": [
      {
        "text": "cya",
        "userDefined": false
      }
    ],
    "isTemplate": false,
    "count": 0,
    "updated": 0
  },
  {
    "id": "2ecaec23-f54a-47ee-af5b-e4aa2b05b0b1",
    "data": [
      {
        "text": "have a good day",
        "userDefined": false
      }
    ],
    "isTemplate": false,
    "count": 0,
    "updated": 0
  },
  {
    "id": "f57330a2-ebd6-4462-98af-a34ede9926e3",
    "data": [
      {
        "text": "It was ",
        "userDefined": false
      },
      {
        "text": "nice",
        "meta": "@sys.ignore",
        "userDefined": false
      },
      {
        "text": " spending time with you",
        "userDefined": false
      }
    ],
    "isTemplate": false,
    "count": 0,
    "updated": 0
  },
  {
    "id": "bfc34cd7-c5eb-4c21-8933-aa69d1f08c84",
    "data": [
      {
        "text": "I would love to come back",
        "userDefined": false
      }
    ],
    "isTemplate": false,
    "count": 0,
    "updated": 0
  },
  {
    "id": "b57c5ac5-b652-4acd-b5f7-58c1f211ecb2",
    "data": [
      {
        "text": "It has been an interesting conversation",
        "userDefined": false
      }
    ],
    "isTemplate": false,
    "count": 0,
    "updated": 0
  },
  {
    "id": "3073ce0a-02dd-4dcc-88e9-bbd12a7295cb",
    "data": [
      {
        "text": "I feel much happier after talking to you",
        "userDefined": false
      }
    ],
    "isTemplate": false,
    "count": 0,
    "updated": 0
  }
]