[
  {
    "id": "dfdab8a8-0412-4296-b62c-60699c4925de",
    "data": [
      {
        "text": "cramps",
        "userDefined": false
      }
    ],
    "isTemplate": false,
    "count": 0,
    "updated": 0
  },
  {
    "id": "9b07df06-f157-4979-a8c6-3a795dace4e3",
    "data": [
      {
        "text": "cramp like",
        "userDefined": false
      }
    ],
    "isTemplate": false,
    "count": 0,
    "updated": 0
  },
  {
    "id": "f5c5e1a8-7981-454b-a703-47fe43cde206",
    "data": [
      {
        "text": "cramps in stomach",
        "userDefined": false
      }
    ],
    "isTemplate": false,
    "count": 0,
    "updated": 0
  },
  {
    "id": "91d0f8ec-229a-4502-8eb8-9cb565cb1f50",
    "data": [
      {
        "text": "stomach cramp",
        "userDefined": false
      }
    ],
    "isTemplate": false,
    "count": 0,
    "updated": 0
  }
]