[
  {
    "id": "df72b70b-41aa-4a97-949e-a940813496d2",
    "data": [
      {
        "text": "severe headache",
        "userDefined": false
      }
    ],
    "isTemplate": false,
    "count": 0,
    "updated": 0
  },
  {
    "id": "a62e5894-9a3c-4f51-93d9-eea42c30068a",
    "data": [
      {
        "text": "severe ",
        "userDefined": false
      },
      {
        "text": "one",
        "alias": "number",
        "meta": "@sys.number",
        "userDefined": false
      }
    ],
    "isTemplate": false,
    "count": 0,
    "updated": 0
  },
  {
    "id": "4b92be69-3039-49cb-8438-1aeb5e2fbfca",
    "data": [
      {
        "text": "severe",
        "userDefined": false
      }
    ],
    "isTemplate": false,
    "count": 0,
    "updated": 0
  }
]